Workbook

Sheet ERT_VFE_SES
A1: Data source | B1: EUROCONTROL | C1: Period Start | D1: 45658 | E1: Meta data | F1: =HYPERLINK("https://www.eurocontrol.int/prudata/dashboard/metadata/vertical-ert-flight-efficiency/","Avg. vertical en-route flight efficiency") -> Avg. vertical en-route flight efficiency
A2: Release date | B2: 45979 | C2: Period End | D2: 45961 | E2: Contact | F2: pru-support@eurocontrol.int
A4: Vertical en-route flight efficiency
A5: Entity | B5: Year | C5: Total distance (km) | D5: Distance flown at altitudes ≥ Requested FL - 1000 ft | E5: Indicator (%)
A6: SES AREA (RP4) | B6: 2025 | C6: 6548317089 | D6: 5003551924 | E6: =D6/C6 -> 0.76409738
A7: SES AREA (RP4) | B7: 2026
A8: SES AREA (RP4) | B8: 2027
A9: SES AREA (RP4) | B9: 2028
A10: SES AREA (RP4) | B10: 2029

Sheet ERT_VFE_FAB
A1: Data source | B1: EUROCONTROL | D1: =ERT_VFE_SES!D1 -> 45658 | E1: Meta data | F1: =HYPERLINK("https://www.eurocontrol.int/prudata/dashboard/metadata/vertical-ert-flight-efficiency/","Avg. vertical en-route flight efficiency") -> Avg. vertical en-route flight efficiency
A2: Release date | B2: =ERT_VFE_SES!B2 -> 45979 | C2: Period End | D2: =ERT_VFE_SES!D2 -> 45961 | E2: Contact | F2: pru-support@eurocontrol.int
A5: FAB level | B5: Total distance (km) | C5: Distance flown at altitudes ≥ Requested FL - 1000 ft | D5: Indicator (%)
A6: SES AREA (RP4) | B6: 6548317089 | C6: 5003551924 | D6: =C6/B6 -> 0.76409738
A7: Baltic FAB | B7: 206010875 | C7: 152615179 | D7: =C7/B7 -> 0.74081128
A8: BLUE MED FAB | B8: 1199369420 | C8: 872308570 | D8: =C8/B8 -> 0.727306
A9: DANUBE FAB | B9: 547162017 | C9: 422232983 | D9: =C9/B9 -> 0.77167817
A10: DK-SE FAB | B10: 196315933 | C10: 152401109 | D10: =C10/B10 -> 0.77630535
A11: FAB CE (SES RP2) | B11: 797606460 | C11: 611133977 | D11: =C11/B11 -> 0.76620991
A12: FABEC | B12: 2289704415 | C12: 1798422819 | D12: =C12/B12 -> 0.78543886
A13: NEFAB | B13: 179555836 | C13: 138466619 | D13: =C13/B13 -> 0.7711619
A14: SW FAB | B14: 1015562229 | C14: 761283165 | D14: =C14/B14 -> 0.74961745
A15: UK-Ireland FAB | B15: 537185782 | C15: 429922099 | D15: =C15/B15 -> 0.80032293

Sheet ERT_VFE_LOC
A1: Data source | B1: EUROCONTROL | D1: =ERT_VFE_SES!D1 -> 45658 | E1: Meta data | F1: =HYPERLINK("https://www.eurocontrol.int/prudata/dashboard/metadata/vertical-ert-flight-efficiency/","Avg. vertical en-route flight efficiency") -> Avg. vertical en-route flight efficiency
A2: Release date | B2: =ERT_VFE_SES!B2 -> 45979 | C2: Period End | D2: =ERT_VFE_SES!D2 -> 45961 | E2: Contact | F2: pru-support@eurocontrol.int
A5: State (FIR) | B5: Total distance (km) | C5: Distance flown at altitudes ≥ Requested FL - 1000 ft | D5: Indicator (%)
A6: Austria | B6: 207371725 | C6: 159481021 | D6: =C6/B6 -> 0.76905866
A7: Belgium | B7: 101716313 | C7: 77134068 | D7: =C7/B7 -> 0.75832544
A8: Bulgaria | B8: 241722549 | C8: 184716885 | D8: =C8/B8 -> 0.76416903
A9: Croatia | B9: 180140366 | C9: 134558631 | D9: =C9/B9 -> 0.74696546
A10: Cyprus | B10: 92845140 | C10: 61735348 | D10: =C10/B10 -> 0.66492816
A11: Czech Republic | B11: 112603399 | C11: 87415473 | D11: =C11/B11 -> 0.77631292
A12: Denmark | B12: 69788639 | C12: 54669102 | D12: =C12/B12 -> 0.78335246
A13: Estonia | B13: 24232896 | C13: 18587759 | D13: =C13/B13 -> 0.76704654
A14: Finland | B14: 23389508 | C14: 15931287 | D14: =C14/B14 -> 0.68112963
A15: France | B15: 1330249859 | C15: 1059543041 | D15: =C15/B15 -> 0.79649927
A16: Germany | B16: 662371967 | C16: 511020208 | D16: =C16/B16 -> 0.77150036
A17: Greece | B17: 430473682 | C17: 310706930 | D17: =C17/B17 -> 0.72177915
... A33: Switzerland | B33: 88375124 | C33: 66677796 | D33: =C33/B33 -> 0.75448602

Sheet Change Log
A1: Change date | B1: Entity | C1: Period | D1: Comment
