Workbook

Sheet APT_ATFM_SES_YY
A1: Data source | B1: EUROCONTROL | C1: Period Start | D1: 42370 | E1: Meta data | F1: =HYPERLINK("https://www.eurocontrol.int/prudata/dashboard/metadata/airport-atfm-delay/","Airport ATFM delay") -> Airport ATFM delay
A2: Release date | B2: 46070 | C2: Period End | D2: 46053 | E2: Contact | F2: pru-support@eurocontrol.int
A4: Period: JAN | B4: SES AIRPORTS (RP4)
A5: Year | B5: Airport ATFM arrival delay [min./arr.] | C5: Arrivals | D5: Airport ATFM arrival delay [total min.]
A6: 2019 | B6: =D6/C6 -> 0.48405779 | C6: 410953 | D6: 198925
A7: 2020 | B7: =D7/C7 -> 0.58366982 | C7: 409377 | D7: 238941
A8: 2021 | B8: =D8/C8 -> 0.19944971 | C8: 135202 | D8: 26966
A9: 2022 | B9: =D9/C9 -> 0.25635265 | C9: 278624 | D9: 71426
A10: 2023 | B10: =D10/C10 -> 0.34725666 | C10: 349629 | D10: 121411
A11: 2024 | B11: =D11/C11 -> 0.58027653 | C11: 364733 | D11: 211646
A12: 2025 | B12: =D12/C12 -> 0.83661336 | C12: 381145 | D12: 318871
A13: 2026 | B13: =D13/C13 -> 1.0739261 | C13: 386440 | D13: 415008

Sheet APT_ATFM_SES_MM
A1: Data source | B1: EUROCONTROL | C1: Period Start | D1: 43466 | E1: Meta data | F1: =HYPERLINK("https://www.eurocontrol.int/prudata/dashboard/metadata/airport-atfm-delay/","Airport ATFM delay") -> Airport ATFM delay
A2: Release date | B2: =APT_ATFM_SES_YY!B2 -> 46070 | C2: Period End | D2: =APT_ATFM_SES_YY!D2 -> 46053 | E2: Contact | F2: pru-support@eurocontrol.int
A5: Month | B5: Airport ATFM arrival delay [min./arr.] | C5: Arrivals | D5: Airport ATFM arrival delay [total min.] | E5: Cumulative Year | F5: Select
A6: Jan-19 | B6: =D6/C6 -> 0.48405779 | C6: 410953 | D6: 198925 | F6: 1
A7: Feb-19 | B7: =D7/C7 -> 0.46387882 | C7: 387515 | D7: 179760 | F7: 1
A8: Mar-19 | B8: =D8/C8 -> 0.98730216 | C8: 445115 | D8: 439463 | F8: 1
A9: Apr-19 | B9: =D9/C9 -> 0.69742196 | C9: 481684 | D9: 335937 | F9: 1
A10: May-19 | B10: =D10/C10 -> 1.0032686 | C10: 519484 | D10: 521182 | F10: 1
A11: Jun-19 | B11: =D11/C11 -> 1.0862324 | C11: 536724 | D11: 583007 | F11: 1
A12: Jul-19 | B12: =D12/C12 -> 1.0210183 | C12: 561701 | D12: 573507 | F12: 1
A13: Aug-19 | B13: =D13/C13 -> 0.80324547 | C13: 549197 | D13: 441140 | F13: 1
A14: Sep-19 | B14: =D14/C14 -> 0.91895493 | C14: 537380 | D14: 493828 | F14: 1
A15: Oct-19 | B15: =D15/C15 -> 0.76438844 | C15: 512738 | D15: 391931 | F15: 1
A16: Nov-19 | B16: =D16/C16 -> 0.4303564 | C16: 420814 | D16: 181100 | F16: 1
A17: Dec-19 | B17: =D17/C17 -> 0.69752135 | C17: 416598 | D17: 290586 | F17: 1
... A89: Dec-25 | B89: =D89/C89 -> 0.90518871 | C89: 425424 | D89: 385089 | F89: 1
A90: Jan-26 | B90: =D90/C90 -> 1.0739261 | C90: 386440 | D90: 415008 | E90: =sum(D$90:D90)/sum(C$90:C90) -> 1.0739261 | F90: 1
A91: Feb-26 | F91: 1
A92: Mar-26 | F92: 1
A93: Apr-26 | F93: 1
A94: May-26 | F94: 1
A95: Jun-26 | F95: 1
A96: Jul-26 | F96: 1
A97: Aug-26 | F97: 1
A98: Sep-26 | F98: 1
A99: Oct-26 | F99: 1
A100: Nov-26 | F100: 1
A101: Dec-26 | F101: 1

Sheet APT_ATFM_LOC
A1: Data source | B1: EUROCONTROL | C1: Period Start | D1: 46023 | E1: Meta data | F1: =HYPERLINK("https://www.eurocontrol.int/prudata/dashboard/metadata/airport-atfm-delay/","Airport ATFM delay") -> Airport ATFM delay
A2: Release date | B2: =APT_ATFM_SES_YY!B2 -> 46070 | C2: Period End | D2: =APT_ATFM_SES_YY!D2 -> 46053 | E2: Contact | F2: pru-support@eurocontrol.int
A4: =APT_ATFM_SES_YY!A4 -> Period: JAN
E5: Apt. ATFM dly [min./arr.]
E6: =D6/C6 -> 0.65747643
E7: =D7/C7 -> 0.20107694
E8: =D8/C8 -> 5.7065101
E9: =D9/C9 -> 0.99893515
E10: =D10/C10 -> 0.12704983
E11: =D11/C11 -> 1.170326
E12: =D12/C12 -> 0.46951242
E13: =D13/C13 -> 1.5699277
E14: =D14/C14 -> 0.33333333
E15: =D15/C15 -> 0.40704982
E16: =D16/C16 -> 0.11747882
E17: =D17/C17 -> 0.61629881
... E26: =D26/C26 -> 2.3622653

Sheet APT_ATFM_APT
A1: Data source | B1: EUROCONTROL | C1: Period Start | D1: 46023 | E1: Meta data | F1: =HYPERLINK("https://www.eurocontrol.int/prudata/dashboard/metadata/airport-atfm-delay/","Airport ATFM delay") -> Airport ATFM delay
A2: Release date | B2: =APT_ATFM_SES_YY!B2 -> 46070 | C2: Period End | D2: =APT_ATFM_SES_YY!D2 -> 46053 | E2: Contact | F2: pru-support@eurocontrol.int
A4: =APT_ATFM_SES_YY!A4 -> Period: JAN
A5: State | B5: Apt. name | C5: ICAO | D5: Apt. ATFM dly [min./arr.] | E5: FLTS [ARR] | F5: Airport ATFM arr. delay [total]
A6: Belgium | B6: Brussels (EBBR) | C6: EBBR | D6: =F6/E6 -> 0.20107694 | E6: 7057 | F6: 1419
A7: Germany | B7: Berlin - Brandenburg (EDDB) | C7: EDDB | D7: =F7/E7 -> 0.62793713 | E7: 6171 | F7: 3875
A8: Germany | B8: Dresden (EDDC) | C8: EDDC | D8: =F8/E8 -> 0 | E8: 286 | F8: 0
A9: Germany | B9: Erfurt (EDDE) | C9: EDDE | D9: =F9/E9 -> 0 | E9: 72 | F9: 0
A10: Germany | B10: Frankfurt (EDDF) | C10: EDDF | D10: =F10/E10 -> 0.85968506 | E10: 15622 | F10: 13430
A11: Germany | B11: Muenster-Osnabrueck (EDDG) | C11: EDDG | D11: =F11/E11 -> 0 | E11: 493 | F11: 0
A12: Germany | B12: Hamburg (EDDH) | C12: EDDH | D12: =F12/E12 -> 0.16374116 | E12: 3817 | F12: 625
A13: Germany | B13: Cologne-Bonn (EDDK) | C13: EDDK | D13: =F13/E13 -> 0.22629548 | E13: 3628 | F13: 821
A14: Germany | B14: Dusseldorf (EDDL) | C14: EDDL | D14: =F14/E14 -> 0.11481706 | E14: 4947 | F14: 568
A15: Germany | B15: Munich (EDDM) | C15: EDDM | D15: =F15/E15 -> 0.44418031 | E15: 10937 | F15: 4858
A16: Germany | B16: Nuremberg (EDDN) | C16: EDDN | D16: =F16/E16 -> 0 | E16: 1350 | F16: 0
A17: Germany | B17: Leipzig-Halle (EDDP) | C17: EDDP | D17: =F17/E17 -> 0.62704428 | E17: 2507 | F17: 1572
... A153: Italy | B153: Venice (LIPZ) | C153: LIPZ | D153: =F153/E153 -> 0 | E153: 2746 | F153: 0
A154: Italy | B154: Rieti (LIQN) | C154: LIQN
A155: Italy | B155: Rome - Ciampino (LIRA) | C155: LIRA | D155: =F155/E155 -> 0 | E155: 1623 | F155: 0
A156: Italy | B156: Rome - Fiumicino (LIRF) | C156: LIRF | D156: =F156/E156 -> 0 | E156: 11063 | F156: 0
A157: Italy | B157: Salerno Costa d Amalfi (LIRI) | C157: LIRI | D157: =F157/E157 -> 0 | E157: 43 | F157: 0
A158: Italy | B158: Naples (LIRN) | C158: LIRN | D158: =F158/E158 -> 0 | E158: 2483 | F158: 0
A159: Italy | B159: Pisa San Giusto (LIRP) | C159: LIRP | D159: =F159/E159 -> 0.39332748 | E159: 1139 | F159: 448
A160: Italy | B160: Firenze Peretola (LIRQ) | C160: LIRQ | D160: =F160/E160 -> 0 | E160: 1202 | F160: 0
A161: Italy | B161: Grosseto Air Base (LIRS) | C161: LIRS | D161: =F161/E161 -> 0 | E161: 27 | F161: 0
A162: Italy | B162: Urbe (LIRU) | C162: LIRU | D162: =F162/E162 -> 0 | E162: 24 | F162: 0
A163: Italy | B163: Perugia San Francesco d Assisi ¿ Umbria Internat (LIRZ) | C163: LIRZ | D163: =F163/E163 -> 0 | E163: 130 | F163: 0
A164: Czech Republic | B164: Prague (LKPR) | C164: LKPR | D164: =F164/E164 -> 5.7065101 | E164: 4685 | F164: 26735
A165: Malta | B165: Malta (LMML) | C165: LMML | D165: =F165/E165 -> 0.089613035 | E165: 2455 | F165: 220
A166: Austria | B166: Graz (LOWG) | C166: LOWG | D166: =F166/E166 -> 0 | E166: 386 | F166: 0
... A194: Switzerland | B194: Zürich (LSZH) | C194: LSZH | D194: =F194/E194 -> 1.8571429 | E194: 9919 | F194: 18421

Sheet Change Log
A1: Change date | B1: Entity | C1: Period | D1: Comment
A2: 44211 | B2: various | C2: 2020 | D2: minor corrections in the number of arrivals
A3: 44351 | B3: UK | D3: UK airports removed from SES area
A4: 44392 | B4: Montijo AirBase | C4: All years | D4: Montijo AirBase removed from Portugal airport list
